signatureID	PROBE	ID_geneid	Name_GeneSymbol	Value_LogDiffExp	Significance_pvalue
LINCSCP_78341	NA	4200	ME2	1.9186	0.0022
LINCSCP_78341	NA	3202	HOXA5	1.5206	0.0048
LINCSCP_78341	NA	66008	TRAK2	1.4538	0.0052
LINCSCP_78341	NA	11230	PRAF2	1.3336	0.0076
LINCSCP_78341	NA	79187	FSD1	2.2031	0.0077
LINCSCP_78341	NA	57761	TRIB3	-1.5704	0.0078
LINCSCP_78341	NA	10954	PDIA5	3.1722	0.0082
LINCSCP_78341	NA	10617	STAMBP	1.2353	0.0086
LINCSCP_78341	NA	58497	PRUNE	1.8694	0.0092
LINCSCP_78341	NA	5287	PIK3C2B	-2.2118	0.0097
LINCSCP_78341	NA	2288	FKBP4	-1.3054	0.0097
LINCSCP_78341	NA	6509	SLC1A4	1.5728	0.01
LINCSCP_78341	NA	3486	IGFBP3	1.5473	0.0113
LINCSCP_78341	NA	9847	C2CD5	1.1805	0.0118
LINCSCP_78341	NA	5321	PLA2G4A	-1.0887	0.0126
LINCSCP_78341	NA	958	CD40	-1.1165	0.0131
LINCSCP_78341	NA	29890	RBM15B	-1.127	0.0141
LINCSCP_78341	NA	10123	ARL4C	-1.0854	0.0144
LINCSCP_78341	NA	3385	ICAM3	1.3288	0.015
LINCSCP_78341	NA	7074	TIAM1	1.5236	0.0154
LINCSCP_78341	NA	26511	CHIC2	1.6026	0.0156
LINCSCP_78341	NA	79170	PRR15L	-1.1927	0.0161
LINCSCP_78341	NA	80746	TSEN2	1.0476	0.0164
LINCSCP_78341	NA	4216	MAP3K4	1.0502	0.0177
LINCSCP_78341	NA	6657	SOX2	-1.0206	0.0179
LINCSCP_78341	NA	3033	HADH	1.0992	0.0182
LINCSCP_78341	NA	9915	ARNT2	-1.078	0.019
LINCSCP_78341	NA	8396	PIP4K2B	1.0049	0.0192
LINCSCP_78341	NA	1021	CDK6	0.9578	0.0196
LINCSCP_78341	NA	1123	CHN1	-1.0557	0.0197
LINCSCP_78341	NA	2115	ETV1	0.9901	0.0202
LINCSCP_78341	NA	6050	RNH1	-1.1749	0.0203
LINCSCP_78341	NA	5048	PAFAH1B1	-1.0228	0.0203
LINCSCP_78341	NA	1509	CTSD	-1.5128	0.0204
LINCSCP_78341	NA	23271	CAMSAP2	-1.1013	0.021
LINCSCP_78341	NA	3988	LIPA	1.3002	0.0211
LINCSCP_78341	NA	23011	RAB21	-1.0358	0.0213
LINCSCP_78341	NA	80349	WDR61	1.0246	0.0222
LINCSCP_78341	NA	2582	GALE	0.9251	0.023
LINCSCP_78341	NA	54205	CYCS	-0.9344	0.0238
LINCSCP_78341	NA	5788	PTPRC	-1.006	0.0244
LINCSCP_78341	NA	8270	LAGE3	1.2184	0.0246
LINCSCP_78341	NA	1906	EDN1	-0.9935	0.0248
LINCSCP_78341	NA	57147	SCYL3	1.2059	0.0254
LINCSCP_78341	NA	2523	FUT1	-1.0825	0.0258
LINCSCP_78341	NA	9455	HOMER2	-0.8876	0.0262
LINCSCP_78341	NA	899	CCNF	0.9822	0.0263
LINCSCP_78341	NA	9842	PLEKHM1	-0.9205	0.0263
LINCSCP_78341	NA	6342	SCP2	0.9177	0.0269
LINCSCP_78341	NA	4998	ORC1	-0.8772	0.0273
LINCSCP_78341	NA	2065	ERBB3	1.1707	0.028
LINCSCP_78341	NA	2886	GRB7	-1.028	0.0298
LINCSCP_78341	NA	2548	GAA	1.0121	0.0301
LINCSCP_78341	NA	11014	KDELR2	1.0201	0.0318
LINCSCP_78341	NA	55893	ZNF395	-1.0576	0.0336
LINCSCP_78341	NA	23161	SNX13	-1.122	0.0337
LINCSCP_78341	NA	9093	DNAJA3	-0.8787	0.0348
LINCSCP_78341	NA	4780	NFE2L2	-1.283	0.0355
LINCSCP_78341	NA	5997	RGS2	-2.3901	0.037
LINCSCP_78341	NA	890	CCNA2	1.2047	0.0384
LINCSCP_78341	NA	55556	ENOSF1	1.7565	0.0386
LINCSCP_78341	NA	6464	SHC1	-0.7791	0.0387
LINCSCP_78341	NA	8050	PDHX	0.7838	0.0387
LINCSCP_78341	NA	3925	STMN1	0.8516	0.0392
LINCSCP_78341	NA	5889	RAD51C	-6.0182	0.0396
LINCSCP_78341	NA	226	ALDOA	1.1668	0.0397
LINCSCP_78341	NA	9686	VGLL4	1.227	0.0403
LINCSCP_78341	NA	51465	UBE2J1	-0.9035	0.0412
LINCSCP_78341	NA	23512	SUZ12	1.0277	0.0414
LINCSCP_78341	NA	51635	DHRS7	1.1009	0.0415
LINCSCP_78341	NA	6850	SYK	-1.0395	0.042
LINCSCP_78341	NA	6119	RPA3	0.9598	0.0424
LINCSCP_78341	NA	2771	GNAI2	0.8477	0.0424
LINCSCP_78341	NA	79174	CRELD2	-0.9507	0.0434
LINCSCP_78341	NA	6443	SGCB	0.9209	0.0435
LINCSCP_78341	NA	4303	FOXO4	0.848	0.0435
LINCSCP_78341	NA	7159	TP53BP2	-0.9232	0.0451
LINCSCP_78341	NA	10320	IKZF1	1.2326	0.0452
LINCSCP_78341	NA	3308	HSPA4	-2.7072	0.0453
LINCSCP_78341	NA	6832	SUPV3L1	-0.9532	0.0453
LINCSCP_78341	NA	1452	CSNK1A1	0.8109	0.0458
LINCSCP_78341	NA	3482	IGF2R	0.7548	0.0467
LINCSCP_78341	NA	5438	POLR2I	0.9158	0.0467
LINCSCP_78341	NA	595	CCND1	0.8125	0.0468
LINCSCP_78341	NA	2222	FDFT1	0.8852	0.0478
LINCSCP_78341	NA	3566	IL4R	-0.8549	0.0488
LINCSCP_78341	NA	6696	SPP1	0.8414	0.0501
LINCSCP_78341	NA	1643	DDB2	0.842	0.0504
LINCSCP_78341	NA	1500	CTNND1	-0.847	0.0522
LINCSCP_78341	NA	3725	JUN	-0.9451	0.0536
LINCSCP_78341	NA	5792	PTPRF	-0.7855	0.0546
LINCSCP_78341	NA	6616	SNAP25	-0.8253	0.0551
LINCSCP_78341	NA	55256	ADI1	0.7589	0.0552
LINCSCP_78341	NA	10450	PPIE	0.7087	0.0553
LINCSCP_78341	NA	7105	TSPAN6	0.827	0.0561
LINCSCP_78341	NA	54541	DDIT4	1.2913	0.0564
LINCSCP_78341	NA	1616	DAXX	-0.7461	0.0572
LINCSCP_78341	NA	3454	IFNAR1	-0.72	0.0574
LINCSCP_78341	NA	5580	PRKCD	0.716	0.0581
LINCSCP_78341	NA	1429	CRYZ	0.7195	0.0583
LINCSCP_78341	NA	23142	DCUN1D4	1.0242	0.0584
LINCSCP_78341	NA	1676	DFFA	-0.7621	0.0594
LINCSCP_78341	NA	5782	PTPN12	1.1342	0.0596
LINCSCP_78341	NA	55847	CISD1	1.035	0.06
LINCSCP_78341	NA	5641	LGMN	-0.8097	0.0605
LINCSCP_78341	NA	23530	NNT	0.7947	0.0612
LINCSCP_78341	NA	6812	STXBP1	1.0808	0.0617
LINCSCP_78341	NA	79143	MBOAT7	-0.6658	0.0618
LINCSCP_78341	NA	22905	EPN2	-0.919	0.0623
LINCSCP_78341	NA	7015	TERT	-1.0064	0.0632
LINCSCP_78341	NA	8508	NIPSNAP1	0.9209	0.0636
LINCSCP_78341	NA	9053	MAP7	-0.899	0.0636
LINCSCP_78341	NA	55111	PLEKHJ1	-0.7412	0.0638
LINCSCP_78341	NA	29911	HOOK2	0.7889	0.0647
LINCSCP_78341	NA	695	BTK	-1.0642	0.0648
LINCSCP_78341	NA	25793	FBXO7	0.7212	0.0649
LINCSCP_78341	NA	5829	PXN	-1.534	0.0653
LINCSCP_78341	NA	4232	MEST	-0.916	0.0657
LINCSCP_78341	NA	4793	NFKBIB	1.1935	0.0662
LINCSCP_78341	NA	23244	PDS5A	0.6763	0.067
LINCSCP_78341	NA	2113	ETS1	-0.6558	0.0687
LINCSCP_78341	NA	11007	CCDC85B	0.7828	0.0691
LINCSCP_78341	NA	1956	EGFR	0.8143	0.0692
LINCSCP_78341	NA	3416	IDE	0.9179	0.0693
LINCSCP_78341	NA	55011	PIH1D1	0.8241	0.0695
LINCSCP_78341	NA	7165	TPD52L2	0.7695	0.0698
LINCSCP_78341	NA	4891	SLC11A2	-0.8582	0.0699
LINCSCP_78341	NA	7048	TGFBR2	1.1769	0.0701
LINCSCP_78341	NA	4864	NPC1	0.8829	0.0709
LINCSCP_78341	NA	5110	PCMT1	0.6813	0.0719
LINCSCP_78341	NA	6919	TCEA2	0.8786	0.072
LINCSCP_78341	NA	23335	WDR7	4.5406	0.072
LINCSCP_78341	NA	5331	PLCB3	0.7852	0.0725
LINCSCP_78341	NA	3638	INSIG1	0.6809	0.0726
LINCSCP_78341	NA	9637	FEZ2	1.0808	0.0734
LINCSCP_78341	NA	1213	CLTC	0.8389	0.0738
LINCSCP_78341	NA	3508	IGHMBP2	-0.7884	0.074
LINCSCP_78341	NA	7043	TGFB3	-0.6901	0.0742
LINCSCP_78341	NA	23013	SPEN	1.6029	0.075
LINCSCP_78341	NA	51599	LSR	-0.6789	0.0752
LINCSCP_78341	NA	9897	KIAA0196	-2.6571	0.076
LINCSCP_78341	NA	57406	ABHD6	-0.6563	0.0764
LINCSCP_78341	NA	11200	CHEK2	0.6903	0.0769
LINCSCP_78341	NA	3156	HMGCR	0.7728	0.0778
LINCSCP_78341	NA	84722	PSRC1	0.6608	0.0779
LINCSCP_78341	NA	56654	NPDC1	-2.7732	0.0785
LINCSCP_78341	NA	332	BIRC5	0.8093	0.0785
LINCSCP_78341	NA	5796	PTPRK	-0.6766	0.0787
LINCSCP_78341	NA	5366	PMAIP1	-0.686	0.0788
LINCSCP_78341	NA	6908	TBP	0.8758	0.0793
LINCSCP_78341	NA	10099	TSPAN3	0.6496	0.0794
LINCSCP_78341	NA	5211	PFKL	0.9782	0.0799
LINCSCP_78341	NA	388650	FAM69A	-0.7837	0.0799
LINCSCP_78341	NA	50814	NSDHL	1.4102	0.0811
LINCSCP_78341	NA	831	CAST	-4.7381	0.0811
LINCSCP_78341	NA	29937	NENF	0.628	0.0839
LINCSCP_78341	NA	3895	KTN1	-0.8937	0.0841
LINCSCP_78341	NA	7016	TESK1	-0.8495	0.0841
LINCSCP_78341	NA	58533	SNX6	1.1786	0.0844
LINCSCP_78341	NA	323	APBB2	-0.8	0.0845
LINCSCP_78341	NA	2274	FHL2	0.7659	0.0865
LINCSCP_78341	NA	2131	EXT1	-0.5963	0.0867
LINCSCP_78341	NA	4312	MMP1	0.71	0.0868
LINCSCP_78341	NA	6839	SUV39H1	1.189	0.0869
LINCSCP_78341	NA	55038	CDCA4	1.1173	0.0872
LINCSCP_78341	NA	665	BNIP3L	0.7723	0.0875
LINCSCP_78341	NA	50865	HEBP1	1.1808	0.0878
LINCSCP_78341	NA	2946	GSTM2	0.6351	0.0878
LINCSCP_78341	NA	9212	AURKB	0.5959	0.0894
LINCSCP_78341	NA	6461	SHB	-0.7218	0.0902
LINCSCP_78341	NA	3597	IL13RA1	-0.8169	0.0904
LINCSCP_78341	NA	6499	SKIV2L	0.6534	0.0916
LINCSCP_78341	NA	5986	RFNG	-0.5821	0.0924
LINCSCP_78341	NA	4067	LYN	-0.8367	0.0932
LINCSCP_78341	NA	11319	ECD	0.7628	0.0939
LINCSCP_78341	NA	8518	IKBKAP	-0.5814	0.0944
LINCSCP_78341	NA	10513	APPBP2	0.6291	0.0959
LINCSCP_78341	NA	65123	INTS3	0.775	0.0965
LINCSCP_78341	NA	7020	TFAP2A	-0.6657	0.0969
LINCSCP_78341	NA	29916	SNX11	2.5137	0.0973
LINCSCP_78341	NA	9016	SLC25A14	0.8543	0.0987
LINCSCP_78341	NA	51021	MRPS16	0.8343	0.0992
LINCSCP_78341	NA	3162	HMOX1	-0.6545	0.1004
LINCSCP_78341	NA	6894	TARBP1	-4.4965	0.1017
LINCSCP_78341	NA	4931	NVL	-0.6183	0.102
LINCSCP_78341	NA	94239	H2AFV	-0.5577	0.1023
LINCSCP_78341	NA	10898	CPSF4	-0.6854	0.1026
LINCSCP_78341	NA	1399	CRKL	-0.899	0.1029
LINCSCP_78341	NA	7296	TXNRD1	-0.5623	0.1031
LINCSCP_78341	NA	8731	RNMT	1.3021	0.1032
LINCSCP_78341	NA	8553	BHLHE40	0.7605	0.1039
LINCSCP_78341	NA	5827	PXMP2	0.8062	0.104
LINCSCP_78341	NA	23	ABCF1	-0.7958	0.1056
LINCSCP_78341	NA	6284	S100A13	0.8493	0.1057
LINCSCP_78341	NA	10668	CGRRF1	0.8636	0.1057
LINCSCP_78341	NA	7398	USP1	0.8572	0.1063
LINCSCP_78341	NA	983	CDK1	0.9619	0.1071
LINCSCP_78341	NA	5261	PHKG2	-0.5786	0.1072
LINCSCP_78341	NA	10165	SLC25A13	1.2989	0.1079
LINCSCP_78341	NA	30001	ERO1L	0.958	0.108
LINCSCP_78341	NA	6275	S100A4	0.7427	0.1089
LINCSCP_78341	NA	39	ACAT2	0.6095	0.1095
LINCSCP_78341	NA	9448	MAP4K4	0.8223	0.1098
LINCSCP_78341	NA	9488	PIGB	-0.8824	0.1103
LINCSCP_78341	NA	7264	TSTA3	0.6129	0.1103
LINCSCP_78341	NA	2624	GATA2	-0.6508	0.1107
LINCSCP_78341	NA	2887	GRB10	0.6796	0.1111
LINCSCP_78341	NA	9670	IPO13	-0.8942	0.1114
LINCSCP_78341	NA	8804	CREG1	0.5636	0.1119
LINCSCP_78341	NA	9833	MELK	-2.9205	0.112
LINCSCP_78341	NA	10775	POP4	0.5815	0.1145
LINCSCP_78341	NA	3775	KCNK1	4.3716	0.1146
LINCSCP_78341	NA	51005	AMDHD2	0.6296	0.1146
LINCSCP_78341	NA	8974	P4HA2	0.6362	0.1147
LINCSCP_78341	NA	6697	SPR	0.599	0.1156
LINCSCP_78341	NA	4088	SMAD3	0.7786	0.1164
LINCSCP_78341	NA	5300	PIN1	0.7453	0.1164
LINCSCP_78341	NA	51293	CD320	-4.343	0.1178
LINCSCP_78341	NA	79080	CCDC86	-4.3731	0.118
LINCSCP_78341	NA	7866	IFRD2	0.5972	0.1194
LINCSCP_78341	NA	11044	PAPD7	-0.5827	0.1205
LINCSCP_78341	NA	10730	YME1L1	0.6578	0.1207
LINCSCP_78341	NA	481	ATP1B1	0.5357	0.1208
LINCSCP_78341	NA	6603	SMARCD2	0.6151	0.121
LINCSCP_78341	NA	8574	AKR7A2	0.6791	0.1215
LINCSCP_78341	NA	4851	NOTCH1	-0.6985	0.123
LINCSCP_78341	NA	994	CDC25B	0.5587	0.1241
LINCSCP_78341	NA	10494	STK25	0.5601	0.1246
LINCSCP_78341	NA	54442	KCTD5	0.5285	0.1251
LINCSCP_78341	NA	291	SLC25A4	0.5877	0.126
LINCSCP_78341	NA	56924	PAK6	0.6022	0.1261
LINCSCP_78341	NA	4775	NFATC3	0.519	0.1271
LINCSCP_78341	NA	10589	DRAP1	0.5283	0.13
LINCSCP_78341	NA	23463	ICMT	0.9269	0.1305
LINCSCP_78341	NA	7157	TP53	1.2878	0.1306
LINCSCP_78341	NA	8324	FZD7	0.5478	0.1308
LINCSCP_78341	NA	50810	HDGFRP3	3.0396	0.1311
LINCSCP_78341	NA	27109	ATP5S	0.7259	0.1312
LINCSCP_78341	NA	147179	WIPF2	0.6524	0.132
LINCSCP_78341	NA	4927	NUP88	0.5625	0.133
LINCSCP_78341	NA	10276	NET1	0.5405	0.1341
LINCSCP_78341	NA	6659	SOX4	0.5135	0.1342
LINCSCP_78341	NA	154	ADRB2	-0.5151	0.1344
LINCSCP_78341	NA	2810	SFN	4.1988	0.1352
LINCSCP_78341	NA	64422	ATG3	0.983	0.1361
LINCSCP_78341	NA	11065	UBE2C	0.6667	0.1363
LINCSCP_78341	NA	124583	CANT1	-0.488	0.1367
LINCSCP_78341	NA	79090	TRAPPC6A	-0.489	0.1381
LINCSCP_78341	NA	200734	SPRED2	-0.8638	0.1383
LINCSCP_78341	NA	55179	FAIM	-1.0646	0.1387
LINCSCP_78341	NA	1861	TOR1A	-0.6652	0.1391
LINCSCP_78341	NA	2770	GNAI1	-0.537	0.1393
LINCSCP_78341	NA	9688	NUP93	-0.6926	0.1393
LINCSCP_78341	NA	51160	VPS28	0.5754	0.1398
LINCSCP_78341	NA	4850	CNOT4	0.5653	0.1399
LINCSCP_78341	NA	6182	MRPL12	0.475	0.1419
LINCSCP_78341	NA	8243	SMC1A	-0.4973	0.1423
LINCSCP_78341	NA	8349	HIST2H2BE	-0.9067	0.1436
LINCSCP_78341	NA	230	ALDOC	1.0842	0.1436
LINCSCP_78341	NA	1978	EIF4EBP1	0.6679	0.1441
LINCSCP_78341	NA	5985	RFC5	-0.8491	0.1444
LINCSCP_78341	NA	3251	HPRT1	0.5617	0.1445
LINCSCP_78341	NA	10813	UTP14A	-0.5197	0.1446
LINCSCP_78341	NA	57019	CIAPIN1	-1.9888	0.1452
LINCSCP_78341	NA	55008	HERC6	0.505	0.1454
LINCSCP_78341	NA	9928	KIF14	0.5081	0.1472
LINCSCP_78341	NA	9276	COPB2	0.5025	0.1484
LINCSCP_78341	NA	8624	PSMG1	0.5142	0.1488
LINCSCP_78341	NA	10007	GNPDA1	0.532	0.1491
LINCSCP_78341	NA	10318	TNIP1	3.6067	0.15
LINCSCP_78341	NA	5019	OXCT1	0.7745	0.1527
LINCSCP_78341	NA	9275	BCL7B	0.776	0.1528
LINCSCP_78341	NA	5529	PPP2R5E	0.5182	0.153
LINCSCP_78341	NA	5588	PRKCQ	-0.5302	0.1536
LINCSCP_78341	NA	4776	NFATC4	-0.7149	0.1545
LINCSCP_78341	NA	9868	TOMM70A	0.484	0.1557
LINCSCP_78341	NA	11000	SLC27A3	-0.6821	0.1571
LINCSCP_78341	NA	79947	DHDDS	-0.5342	0.1571
LINCSCP_78341	NA	51001	MTERF3	-4.0213	0.1573
LINCSCP_78341	NA	6676	SPAG4	0.5015	0.1591
LINCSCP_78341	NA	1029	CDKN2A	-0.5007	0.1595
LINCSCP_78341	NA	1677	DFFB	-0.5597	0.1596
LINCSCP_78341	NA	23139	MAST2	3.5308	0.1598
LINCSCP_78341	NA	54915	YTHDF1	-0.5607	0.1599
LINCSCP_78341	NA	9851	KIAA0753	-0.5853	0.1606
LINCSCP_78341	NA	8726	EED	0.4992	0.1607
LINCSCP_78341	NA	9961	MVP	0.4959	0.1607
LINCSCP_78341	NA	9738	CCP110	0.9758	0.1612
LINCSCP_78341	NA	10818	FRS2	-0.547	0.1615
LINCSCP_78341	NA	51053	GMNN	-0.4485	0.1615
LINCSCP_78341	NA	1647	GADD45A	-0.6924	0.1626
LINCSCP_78341	NA	23659	PLA2G15	0.5829	0.1634
LINCSCP_78341	NA	9709	HERPUD1	-1.4639	0.1635
LINCSCP_78341	NA	10652	YKT6	0.5015	0.1642
LINCSCP_78341	NA	4208	MEF2C	-2.2018	0.1647
LINCSCP_78341	NA	10765	KDM5B	0.5416	0.1647
LINCSCP_78341	NA	5721	PSME2	-0.4538	0.1647
LINCSCP_78341	NA	387	RHOA	0.5586	0.1651
LINCSCP_78341	NA	10732	TCFL5	0.5166	0.1681
LINCSCP_78341	NA	3028	HSD17B10	0.4658	0.1682
LINCSCP_78341	NA	9181	ARHGEF2	0.4631	0.1687
LINCSCP_78341	NA	10270	AKAP8	1.3732	0.1695
LINCSCP_78341	NA	93487	MAPK1IP1L	1.7185	0.1698
LINCSCP_78341	NA	5058	PAK1	0.5164	0.1709
LINCSCP_78341	NA	7874	USP7	3.9246	0.1709
LINCSCP_78341	NA	1212	CLTB	-0.8371	0.1729
LINCSCP_78341	NA	5440	POLR2K	0.4677	0.173
LINCSCP_78341	NA	6709	SPTAN1	0.5283	0.1746
LINCSCP_78341	NA	1605	DAG1	0.8229	0.175
LINCSCP_78341	NA	9126	SMC3	0.666	0.176
LINCSCP_78341	NA	23499	MACF1	0.5033	0.1781
LINCSCP_78341	NA	9712	USP6NL	0.4404	0.1782
LINCSCP_78341	NA	5925	RB1	0.5216	0.1796
LINCSCP_78341	NA	9519	TBPL1	0.4844	0.1798
LINCSCP_78341	NA	10489	LRRC41	0.584	0.1798
LINCSCP_78341	NA	6500	SKP1	0.7685	0.1819
LINCSCP_78341	NA	51026	GOLT1B	-3.8466	0.182
LINCSCP_78341	NA	3628	INPP1	0.6006	0.1822
LINCSCP_78341	NA	26064	RAI14	-0.6858	0.1842
LINCSCP_78341	NA	79902	NUP85	0.4471	0.1847
LINCSCP_78341	NA	874	CBR3	0.6368	0.1847
LINCSCP_78341	NA	868	CBLB	-0.4488	0.185
LINCSCP_78341	NA	4282	MIF	0.4767	0.1851
LINCSCP_78341	NA	5971	RELB	0.7137	0.1852
LINCSCP_78341	NA	10962	MLLT11	1.2977	0.1853
LINCSCP_78341	NA	1831	TSC22D3	-0.5974	0.1877
LINCSCP_78341	NA	9375	TM9SF2	0.5227	0.1878
LINCSCP_78341	NA	3337	DNAJB1	2.0711	0.1886
LINCSCP_78341	NA	23061	TBC1D9B	-0.4817	0.1905
LINCSCP_78341	NA	54623	PAF1	-1.1381	0.1919
LINCSCP_78341	NA	10493	VAT1	0.4256	0.1923
LINCSCP_78341	NA	91949	COG7	-3.3697	0.1924
LINCSCP_78341	NA	652	BMP4	-0.5848	0.1931
LINCSCP_78341	NA	9653	HS2ST1	-0.5658	0.1932
LINCSCP_78341	NA	10058	ABCB6	0.4885	0.1936
LINCSCP_78341	NA	23522	KAT6B	1.1342	0.1948
LINCSCP_78341	NA	11004	KIF2C	0.6282	0.1961
LINCSCP_78341	NA	26136	TES	-3.2275	0.1962
LINCSCP_78341	NA	54733	SLC35F2	0.4601	0.1964
LINCSCP_78341	NA	51282	SCAND1	-1.0397	0.1975
LINCSCP_78341	NA	51071	DERA	-3.7453	0.1975
LINCSCP_78341	NA	25976	TIPARP	-0.4102	0.1976
LINCSCP_78341	NA	9133	CCNB2	0.5231	0.1989
LINCSCP_78341	NA	83743	GRWD1	0.5304	0.2006
LINCSCP_78341	NA	2542	SLC37A4	1.157	0.2011
LINCSCP_78341	NA	891	CCNB1	-0.4454	0.2012
LINCSCP_78341	NA	1662	DDX10	-0.4067	0.2015
LINCSCP_78341	NA	6790	AURKA	0.4801	0.2029
LINCSCP_78341	NA	1385	CREB1	0.4407	0.2034
LINCSCP_78341	NA	10644	IGF2BP2	0.4515	0.2036
LINCSCP_78341	NA	7376	NR1H2	0.9065	0.204
LINCSCP_78341	NA	2185	PTK2B	-0.6458	0.2041
LINCSCP_78341	NA	1019	CDK4	0.4709	0.2062
LINCSCP_78341	NA	3108	HLA-DMA	0.5644	0.2076
LINCSCP_78341	NA	10451	VAV3	-0.7073	0.2084
LINCSCP_78341	NA	10797	MTHFD2	0.4564	0.2087
LINCSCP_78341	NA	25	ABL1	3.2271	0.2089
LINCSCP_78341	NA	51015	ISOC1	-0.4663	0.2105
LINCSCP_78341	NA	10434	LYPLA1	0.6724	0.212
LINCSCP_78341	NA	3312	HSPA8	0.6581	0.2134
LINCSCP_78341	NA	7494	XBP1	0.4111	0.2134
LINCSCP_78341	NA	27244	SESN1	0.6039	0.2135
LINCSCP_78341	NA	10973	ASCC3	0.5902	0.2138
LINCSCP_78341	NA	6251	RSU1	0.4966	0.215
LINCSCP_78341	NA	22934	RPIA	-0.3819	0.2174
LINCSCP_78341	NA	572	BAD	-0.431	0.2174
LINCSCP_78341	NA	51070	NOSIP	-0.4664	0.2208
LINCSCP_78341	NA	10227	MFSD10	3.0781	0.2211
LINCSCP_78341	NA	1788	DNMT3A	-0.6716	0.2213
LINCSCP_78341	NA	56940	DUSP22	0.7263	0.2214
LINCSCP_78341	NA	329	BIRC2	-0.3909	0.2216
LINCSCP_78341	NA	25966	C2CD2	3.1082	0.2224
LINCSCP_78341	NA	63933	MCUR1	0.4423	0.2233
LINCSCP_78341	NA	6813	STXBP2	-0.4974	0.2243
LINCSCP_78341	NA	375346	TMEM110	0.3812	0.225
LINCSCP_78341	NA	4638	MYLK	0.398	0.2257
LINCSCP_78341	NA	26001	RNF167	-3.5606	0.2276
LINCSCP_78341	NA	6009	RHEB	0.5357	0.2278
LINCSCP_78341	NA	7852	CXCR4	-0.517	0.2288
LINCSCP_78341	NA	23658	LSM5	0.5756	0.2303
LINCSCP_78341	NA	22794	CASC3	0.4294	0.2312
LINCSCP_78341	NA	2908	NR3C1	3.0437	0.2322
LINCSCP_78341	NA	5480	PPIC	0.8565	0.2351
LINCSCP_78341	NA	4154	MBNL1	0.4374	0.2356
LINCSCP_78341	NA	6597	SMARCA4	0.621	0.2364
LINCSCP_78341	NA	89910	UBE3B	1.39	0.2365
LINCSCP_78341	NA	47	ACLY	0.3737	0.2368
LINCSCP_78341	NA	533	ATP6V0B	0.4372	0.2371
LINCSCP_78341	NA	25932	CLIC4	0.4721	0.238
LINCSCP_78341	NA	30	ACAA1	1.6173	0.2381
LINCSCP_78341	NA	25805	BAMBI	-0.43	0.2385
LINCSCP_78341	NA	9702	CEP57	-0.418	0.2388
LINCSCP_78341	NA	10557	RPP38	-0.613	0.2415
LINCSCP_78341	NA	23077	MYCBP2	-0.5717	0.2415
LINCSCP_78341	NA	9797	TATDN2	0.4347	0.2416
LINCSCP_78341	NA	9170	LPAR2	0.7156	0.2419
LINCSCP_78341	NA	392	ARHGAP1	0.6888	0.2429
LINCSCP_78341	NA	55129	ANO10	2.965	0.2437
LINCSCP_78341	NA	26227	PHGDH	0.6773	0.2447
LINCSCP_78341	NA	9552	SPAG7	-0.8721	0.247
LINCSCP_78341	NA	51203	NUSAP1	0.5756	0.2471
LINCSCP_78341	NA	7466	WFS1	-0.3569	0.2479
LINCSCP_78341	NA	9924	PAN2	-3.0024	0.2522
LINCSCP_78341	NA	22823	MTF2	0.8439	0.255
LINCSCP_78341	NA	23386	NUDCD3	-0.3734	0.2565
LINCSCP_78341	NA	1282	COL4A1	0.4818	0.2571
LINCSCP_78341	NA	10857	PGRMC1	-0.3768	0.2586
LINCSCP_78341	NA	23200	ATP11B	0.3997	0.2598
LINCSCP_78341	NA	1633	DCK	0.3652	0.2608
LINCSCP_78341	NA	57149	LYRM1	0.5517	0.2624
LINCSCP_78341	NA	5898	RALA	0.3695	0.2632
LINCSCP_78341	NA	581	BAX	-0.3692	0.2657
LINCSCP_78341	NA	9805	SCRN1	0.6193	0.2662
LINCSCP_78341	NA	727	C5	-0.3846	0.2676
LINCSCP_78341	NA	54850	FBXL12	-0.4503	0.2681
LINCSCP_78341	NA	5867	RAB4A	0.5595	0.2684
LINCSCP_78341	NA	960	CD44	-2.8258	0.2696
LINCSCP_78341	NA	8895	CPNE3	0.478	0.2701
LINCSCP_78341	NA	1514	CTSL	-0.3354	0.2709
LINCSCP_78341	NA	22841	RAB11FIP2	0.4624	0.273
LINCSCP_78341	NA	23635	SSBP2	0.4398	0.273
LINCSCP_78341	NA	54807	ZNF586	0.518	0.2738
LINCSCP_78341	NA	2954	GSTZ1	0.4338	0.2741
LINCSCP_78341	NA	6304	SATB1	0.4072	0.2753
LINCSCP_78341	NA	5106	PCK2	-0.3376	0.2769
LINCSCP_78341	NA	6622	SNCA	0.3487	0.277
LINCSCP_78341	NA	9491	PSMF1	-0.4135	0.2783
LINCSCP_78341	NA	23149	FCHO1	-0.4964	0.2788
LINCSCP_78341	NA	23097	CDK19	0.4618	0.2789
LINCSCP_78341	NA	8835	SOCS2	-0.435	0.2808
LINCSCP_78341	NA	6714	SRC	0.3572	0.2817
LINCSCP_78341	NA	23039	XPO7	0.5784	0.2819
LINCSCP_78341	NA	780	DDR1	-0.3497	0.283
LINCSCP_78341	NA	10972	TMED10	0.3272	0.285
LINCSCP_78341	NA	5699	PSMB10	-0.567	0.2851
LINCSCP_78341	NA	10491	CRTAP	-0.8578	0.2854
LINCSCP_78341	NA	9261	MAPKAPK2	-0.3766	0.2854
LINCSCP_78341	NA	55818	KDM3A	0.6233	0.286
LINCSCP_78341	NA	5696	PSMB8	0.3871	0.2866
LINCSCP_78341	NA	11261	CHP1	0.4475	0.288
LINCSCP_78341	NA	11168	PSIP1	0.3337	0.291
LINCSCP_78341	NA	10273	STUB1	0.415	0.292
LINCSCP_78341	NA	1022	CDK7	-0.4352	0.2922
LINCSCP_78341	NA	9289	ADGRG1	-0.3203	0.2924
LINCSCP_78341	NA	79006	METRN	0.9873	0.293
LINCSCP_78341	NA	3930	LBR	0.6253	0.2938
LINCSCP_78341	NA	2146	EZH2	-0.9665	0.294
LINCSCP_78341	NA	840	CASP7	0.4589	0.2959
LINCSCP_78341	NA	2769	GNA15	2.6143	0.2987
LINCSCP_78341	NA	10298	PAK4	0.5138	0.2996
LINCSCP_78341	NA	835	CASP2	0.5484	0.3003
LINCSCP_78341	NA	2690	GHR	0.4218	0.3031
LINCSCP_78341	NA	23670	TMEM2	0.3206	0.306
LINCSCP_78341	NA	3091	HIF1A	0.4143	0.3089
LINCSCP_78341	NA	23647	ARFIP2	0.3394	0.3099
LINCSCP_78341	NA	9801	MRPL19	0.3151	0.3119
LINCSCP_78341	NA	200081	TXLNA	0.4151	0.3127
LINCSCP_78341	NA	10915	TCERG1	0.3298	0.3142
LINCSCP_78341	NA	993	CDC25A	-0.4103	0.3148
LINCSCP_78341	NA	10953	TOMM34	0.4509	0.3157
LINCSCP_78341	NA	355	FAS	-0.3452	0.3174
LINCSCP_78341	NA	5154	PDGFA	0.3892	0.3181
LINCSCP_78341	NA	843	CASP10	2.5958	0.3182
LINCSCP_78341	NA	9467	SH3BP5	-0.4393	0.3186
LINCSCP_78341	NA	991	CDC20	-0.5069	0.3194
LINCSCP_78341	NA	9143	SYNGR3	-0.5022	0.322
LINCSCP_78341	NA	7088	TLE1	0.6474	0.322
LINCSCP_78341	NA	8480	RAE1	0.6111	0.3233
LINCSCP_78341	NA	23636	NUP62	0.6164	0.3245
LINCSCP_78341	NA	1070	CETN3	0.8293	0.3266
LINCSCP_78341	NA	10682	EBP	0.297	0.327
LINCSCP_78341	NA	9943	OXSR1	-0.3432	0.3271
LINCSCP_78341	NA	7905	REEP5	0.5013	0.3272
LINCSCP_78341	NA	93594	TBC1D31	0.3969	0.3278
LINCSCP_78341	NA	8870	IER3	-0.379	0.3278
LINCSCP_78341	NA	9019	MPZL1	-0.3782	0.3287
LINCSCP_78341	NA	91137	SLC25A46	0.3302	0.3288
LINCSCP_78341	NA	81544	GDPD5	-0.5757	0.3306
LINCSCP_78341	NA	5525	PPP2R5A	1.5039	0.3309
LINCSCP_78341	NA	5290	PIK3CA	-0.4444	0.3317
LINCSCP_78341	NA	10606	PAICS	0.449	0.3324
LINCSCP_78341	NA	8826	IQGAP1	-0.4503	0.3325
LINCSCP_78341	NA	2309	FOXO3	-0.5223	0.3351
LINCSCP_78341	NA	8678	BECN1	0.3733	0.3357
LINCSCP_78341	NA	672	BRCA1	0.4219	0.3363
LINCSCP_78341	NA	4817	NIT1	-0.3714	0.3381
LINCSCP_78341	NA	2852	GPER1	-0.309	0.3396
LINCSCP_78341	NA	6253	RTN2	-0.3388	0.3406
LINCSCP_78341	NA	1666	DECR1	-0.7739	0.3411
LINCSCP_78341	NA	10049	DNAJB6	-0.4881	0.3436
LINCSCP_78341	NA	8440	NCK2	-0.5436	0.3459
LINCSCP_78341	NA	8321	FZD1	-0.6671	0.3475
LINCSCP_78341	NA	10013	HDAC6	0.3059	0.3502
LINCSCP_78341	NA	27095	TRAPPC3	-0.5022	0.3522
LINCSCP_78341	NA	998	CDC42	0.3694	0.3536
LINCSCP_78341	NA	84159	ARID5B	-0.577	0.3537
LINCSCP_78341	NA	51024	FIS1	0.3308	0.355
LINCSCP_78341	NA	3066	HDAC2	0.2983	0.355
LINCSCP_78341	NA	23038	WDTC1	0.4672	0.3553
LINCSCP_78341	NA	29978	UBQLN2	-0.2879	0.3566
LINCSCP_78341	NA	6810	STX4	-0.4052	0.3567
LINCSCP_78341	NA	4783	NFIL3	-0.3633	0.3574
LINCSCP_78341	NA	11151	CORO1A	0.4925	0.3597
LINCSCP_78341	NA	5710	PSMD4	-0.4079	0.361
LINCSCP_78341	NA	11073	TOPBP1	0.27	0.3626
LINCSCP_78341	NA	9854	C2CD2L	-0.5232	0.3629
LINCSCP_78341	NA	11098	PRSS23	0.3504	0.364
LINCSCP_78341	NA	116832	RPL39L	0.4134	0.3649
LINCSCP_78341	NA	10559	SLC35A1	-0.2953	0.366
LINCSCP_78341	NA	6118	RPA2	-0.2717	0.367
LINCSCP_78341	NA	55148	UBR7	0.4375	0.3679
LINCSCP_78341	NA	2553	GABPB1	0.3095	0.369
LINCSCP_78341	NA	5715	PSMD9	-0.3621	0.3703
LINCSCP_78341	NA	1465	CSRP1	-1.1332	0.3737
LINCSCP_78341	NA	9517	SPTLC2	-0.4104	0.3744
LINCSCP_78341	NA	5427	POLE2	-0.2971	0.3751
LINCSCP_78341	NA	7538	ZFP36	-0.3603	0.3764
LINCSCP_78341	NA	3300	DNAJB2	-0.3769	0.3776
LINCSCP_78341	NA	10681	GNB5	0.496	0.3777
LINCSCP_78341	NA	29083	GTPBP8	0.7984	0.3778
LINCSCP_78341	NA	4846	NOS3	-0.2711	0.3781
LINCSCP_78341	NA	8884	SLC5A6	0.2759	0.3784
LINCSCP_78341	NA	3909	LAMA3	0.6356	0.3803
LINCSCP_78341	NA	3383	ICAM1	0.2965	0.3816
LINCSCP_78341	NA	23131	GPATCH8	0.37	0.3822
LINCSCP_78341	NA	65057	ACD	0.3011	0.385
LINCSCP_78341	NA	1994	ELAVL1	0.257	0.3851
LINCSCP_78341	NA	10610	ST6GALNAC2	0.2674	0.3853
LINCSCP_78341	NA	7168	TPM1	0.3294	0.3864
LINCSCP_78341	NA	23365	ARHGEF12	0.3032	0.3866
LINCSCP_78341	NA	64428	NARFL	2.36	0.3871
LINCSCP_78341	NA	8851	CDK5R1	0.3775	0.3876
LINCSCP_78341	NA	8727	CTNNAL1	0.3525	0.3888
LINCSCP_78341	NA	5607	MAP2K5	0.4313	0.3898
LINCSCP_78341	NA	79094	CHAC1	0.4107	0.3907
LINCSCP_78341	NA	58472	SQRDL	-0.2876	0.3965
LINCSCP_78341	NA	5289	PIK3C3	0.3236	0.4011
LINCSCP_78341	NA	51466	EVL	0.7114	0.4014
LINCSCP_78341	NA	5583	PRKCH	0.2896	0.4021
LINCSCP_78341	NA	10038	PARP2	0.2922	0.4045
LINCSCP_78341	NA	11284	PNKP	0.4883	0.4067
LINCSCP_78341	NA	3815	KIT	-0.3075	0.4075
LINCSCP_78341	NA	51422	PRKAG2	-0.2451	0.408
LINCSCP_78341	NA	10398	MYL9	-0.4915	0.4088
LINCSCP_78341	NA	10523	CHERP	0.2736	0.409
LINCSCP_78341	NA	5468	PPARG	0.2928	0.4121
LINCSCP_78341	NA	5603	MAPK13	-0.302	0.417
LINCSCP_78341	NA	23410	SIRT3	0.3072	0.4174
LINCSCP_78341	NA	7106	TSPAN4	0.4481	0.4174
LINCSCP_78341	NA	976	ADGRE5	0.4036	0.4182
LINCSCP_78341	NA	51385	ZNF589	0.8435	0.419
LINCSCP_78341	NA	5498	PPOX	1.8833	0.4199
LINCSCP_78341	NA	3398	ID2	0.3261	0.4214
LINCSCP_78341	NA	9650	MTFR1	-0.2914	0.4215
LINCSCP_78341	NA	8985	PLOD3	0.4936	0.4216
LINCSCP_78341	NA	9690	UBE3C	-0.3669	0.4239
LINCSCP_78341	NA	79716	NPEPL1	0.3609	0.4252
LINCSCP_78341	NA	23224	SYNE2	0.3628	0.4255
LINCSCP_78341	NA	10150	MBNL2	0.24	0.4258
LINCSCP_78341	NA	23368	PPP1R13B	2.1412	0.4267
LINCSCP_78341	NA	51097	SCCPDH	-0.3871	0.4287
LINCSCP_78341	NA	5747	PTK2	-0.352	0.4289
LINCSCP_78341	NA	23597	ACOT9	-2.132	0.4299
LINCSCP_78341	NA	11142	PKIG	0.2812	0.4303
LINCSCP_78341	NA	5720	PSME1	0.3173	0.4309
LINCSCP_78341	NA	9988	DMTF1	0.251	0.4313
LINCSCP_78341	NA	6193	RPS5	0.3279	0.4317
LINCSCP_78341	NA	10641	NPRL2	0.5734	0.4322
LINCSCP_78341	NA	3315	HSPB1	0.3346	0.4345
LINCSCP_78341	NA	2064	ERBB2	-0.2443	0.4358
LINCSCP_78341	NA	5054	SERPINE1	-0.2829	0.4361
LINCSCP_78341	NA	3553	IL1B	0.2387	0.4377
LINCSCP_78341	NA	22908	SACM1L	-0.3861	0.4384
LINCSCP_78341	NA	3480	IGF1R	0.3628	0.4397
LINCSCP_78341	NA	3964	LGALS8	0.4368	0.4408
LINCSCP_78341	NA	9813	EFCAB14	-0.2603	0.4413
LINCSCP_78341	NA	7082	TJP1	-0.386	0.4431
LINCSCP_78341	NA	79643	CHMP6	0.326	0.4432
LINCSCP_78341	NA	5836	PYGL	-0.2583	0.4448
LINCSCP_78341	NA	85377	MICALL1	-0.3811	0.4451
LINCSCP_78341	NA	55748	CNDP2	0.3134	0.4453
LINCSCP_78341	NA	23536	ADAT1	1.1079	0.4461
LINCSCP_78341	NA	9533	POLR1C	-0.2618	0.4464
LINCSCP_78341	NA	7982	ST7	0.2851	0.4466
LINCSCP_78341	NA	9695	EDEM1	0.3685	0.4473
LINCSCP_78341	NA	11072	DUSP14	-0.4488	0.4477
LINCSCP_78341	NA	80758	PRR7	0.4287	0.4488
LINCSCP_78341	NA	25839	COG4	0.4086	0.4499
LINCSCP_78341	NA	8800	PEX11A	-0.3029	0.45
LINCSCP_78341	NA	1846	DUSP4	0.3939	0.4517
LINCSCP_78341	NA	6599	SMARCC1	0.2201	0.4517
LINCSCP_78341	NA	427	ASAH1	-0.3888	0.4553
LINCSCP_78341	NA	10892	MALT1	0.2683	0.4565
LINCSCP_78341	NA	6390	SDHB	0.2741	0.4573
LINCSCP_78341	NA	3551	IKBKB	-0.2661	0.4577
LINCSCP_78341	NA	4331	MNAT1	0.4145	0.4579
LINCSCP_78341	NA	79921	TCEAL4	-0.2767	0.461
LINCSCP_78341	NA	2037	EPB41L2	0.2401	0.4623
LINCSCP_78341	NA	80347	COASY	0.5055	0.4634
LINCSCP_78341	NA	310	ANXA7	0.4404	0.4681
LINCSCP_78341	NA	55620	STAP2	2.0519	0.4684
LINCSCP_78341	NA	7158	TP53BP1	0.4149	0.4699
LINCSCP_78341	NA	85236	HIST1H2BK	0.3707	0.4708
LINCSCP_78341	NA	10921	RNPS1	-0.2888	0.4709
LINCSCP_78341	NA	1848	DUSP6	-0.355	0.472
LINCSCP_78341	NA	10237	SLC35B1	0.3155	0.4744
LINCSCP_78341	NA	4791	NFKB2	-0.4225	0.4748
LINCSCP_78341	NA	23326	USP22	-0.2853	0.475
LINCSCP_78341	NA	5627	PROS1	0.2773	0.4761
LINCSCP_78341	NA	128	ADH5	0.3327	0.4761
LINCSCP_78341	NA	5708	PSMD2	-0.2466	0.4791
LINCSCP_78341	NA	8869	ST3GAL5	0.3304	0.48
LINCSCP_78341	NA	6774	STAT3	0.2182	0.4811
LINCSCP_78341	NA	64781	CERK	0.914	0.4819
LINCSCP_78341	NA	23212	RRS1	-0.2395	0.4819
LINCSCP_78341	NA	102	ADAM10	0.4445	0.4828
LINCSCP_78341	NA	22887	FOXJ3	0.2915	0.484
LINCSCP_78341	NA	9246	UBE2L6	-0.4594	0.4848
LINCSCP_78341	NA	30849	PIK3R4	0.2368	0.4848
LINCSCP_78341	NA	23029	RBM34	-0.226	0.485
LINCSCP_78341	NA	7690	ZNF131	-0.2364	0.4852
LINCSCP_78341	NA	80212	CCDC92	-0.2447	0.4859
LINCSCP_78341	NA	5359	PLSCR1	-0.2486	0.4893
LINCSCP_78341	NA	5770	PTPN1	-0.2783	0.4922
LINCSCP_78341	NA	8607	RUVBL1	0.2908	0.4926
LINCSCP_78341	NA	9134	CCNE2	-0.2031	0.4942
LINCSCP_78341	NA	16	AARS	0.3441	0.4945
LINCSCP_78341	NA	9267	CYTH1	0.3578	0.4949
LINCSCP_78341	NA	8900	CCNA1	-0.2303	0.4964
LINCSCP_78341	NA	5423	POLB	0.2099	0.4975
LINCSCP_78341	NA	24149	ZNF318	0.2259	0.4985
LINCSCP_78341	NA	25803	SPDEF	-0.42	0.4988
LINCSCP_78341	NA	64429	ZDHHC6	0.2973	0.4988
LINCSCP_78341	NA	25874	MPC2	0.3416	0.4989
LINCSCP_78341	NA	8720	MBTPS1	-0.2804	0.499
LINCSCP_78341	NA	10285	SMNDC1	0.3455	0.5021
LINCSCP_78341	NA	1891	ECH1	0.2808	0.5058
LINCSCP_78341	NA	4792	NFKBIA	0.2169	0.5088
LINCSCP_78341	NA	8573	CASK	0.5141	0.5106
LINCSCP_78341	NA	8914	TIMELESS	0.3992	0.5107
LINCSCP_78341	NA	1052	CEBPD	0.3737	0.5109
LINCSCP_78341	NA	5716	PSMD10	0.2611	0.5131
LINCSCP_78341	NA	51742	ARID4B	-0.2267	0.5156
LINCSCP_78341	NA	4144	MAT2A	-0.2564	0.5169
LINCSCP_78341	NA	11182	SLC2A6	0.2121	0.5196
LINCSCP_78341	NA	2353	FOS	-0.22	0.5218
LINCSCP_78341	NA	8091	HMGA2	0.2103	0.5224
LINCSCP_78341	NA	79850	FAM57A	-0.196	0.5226
LINCSCP_78341	NA	4016	LOXL1	0.3102	0.5241
LINCSCP_78341	NA	23014	FBXO21	-0.2673	0.5241
LINCSCP_78341	NA	4609	MYC	-0.3068	0.5259
LINCSCP_78341	NA	55793	FAM63A	0.2651	0.5271
LINCSCP_78341	NA	1017	CDK2	0.2667	0.5295
LINCSCP_78341	NA	351	APP	-0.2072	0.53
LINCSCP_78341	NA	5467	PPARD	-0.2859	0.532
LINCSCP_78341	NA	51031	GLOD4	0.3086	0.5357
LINCSCP_78341	NA	4313	MMP2	0.2093	0.5371
LINCSCP_78341	NA	7416	VDAC1	0.2674	0.54
LINCSCP_78341	NA	23588	KLHDC2	-0.2193	0.5401
LINCSCP_78341	NA	3611	ILK	-0.2765	0.5423
LINCSCP_78341	NA	10776	ARPP19	-0.2142	0.5424
LINCSCP_78341	NA	3098	HK1	0.3167	0.5443
LINCSCP_78341	NA	54957	TXNL4B	-0.1986	0.5453
LINCSCP_78341	NA	55604	LRRC16A	0.2646	0.5454
LINCSCP_78341	NA	6793	STK10	-0.3043	0.5458
LINCSCP_78341	NA	11011	TLK2	-0.2254	0.5504
LINCSCP_78341	NA	4860	PNP	-0.245	0.5555
LINCSCP_78341	NA	5050	PAFAH1B3	0.3095	0.5562
LINCSCP_78341	NA	7994	KAT6A	0.1977	0.5572
LINCSCP_78341	NA	7358	UGDH	0.2793	0.5598
LINCSCP_78341	NA	84890	ADO	0.2291	0.561
LINCSCP_78341	NA	1398	CRK	0.1898	0.5639
LINCSCP_78341	NA	2920	CXCL2	0.4381	0.5656
LINCSCP_78341	NA	8204	NRIP1	0.1714	0.5711
LINCSCP_78341	NA	3122	HLA-DRA	0.2305	0.5729
LINCSCP_78341	NA	644	BLVRA	0.2189	0.573
LINCSCP_78341	NA	4172	MCM3	-0.3084	0.5732
LINCSCP_78341	NA	1027	CDKN1B	0.204	0.575
LINCSCP_78341	NA	1111	CHEK1	0.1748	0.5755
LINCSCP_78341	NA	11041	B4GAT1	0.1662	0.5756
LINCSCP_78341	NA	10131	TRAP1	0.269	0.5783
LINCSCP_78341	NA	5236	PGM1	0.1871	0.5807
LINCSCP_78341	NA	23443	SLC35A3	-0.1735	0.5823
LINCSCP_78341	NA	7485	WRB	0.1652	0.5825
LINCSCP_78341	NA	57048	PLSCR3	0.2304	0.5851
LINCSCP_78341	NA	10221	TRIB1	0.177	0.5874
LINCSCP_78341	NA	5909	RAP1GAP	0.3509	0.5874
LINCSCP_78341	NA	5880	RAC2	0.2548	0.5886
LINCSCP_78341	NA	57215	THAP11	-0.2676	0.5922
LINCSCP_78341	NA	10146	G3BP1	-0.1805	0.5933
LINCSCP_78341	NA	1050	CEBPA	-0.2419	0.5952
LINCSCP_78341	NA	10057	ABCC5	-0.222	0.5953
LINCSCP_78341	NA	4794	NFKBIE	0.441	0.5955
LINCSCP_78341	NA	8318	CDC45	-0.2401	0.5966
LINCSCP_78341	NA	51382	ATP6V1D	-0.2846	0.5968
LINCSCP_78341	NA	5900	RALGDS	-0.2256	0.5972
LINCSCP_78341	NA	6772	STAT1	0.1661	0.6021
LINCSCP_78341	NA	8569	MKNK1	-0.2051	0.6027
LINCSCP_78341	NA	53343	NUDT9	-0.2463	0.6054
LINCSCP_78341	NA	51170	HSD17B11	-0.1894	0.6057
LINCSCP_78341	NA	10695	CNPY3	0.1476	0.6071
LINCSCP_78341	NA	5873	RAB27A	0.4424	0.6084
LINCSCP_78341	NA	10782	ZNF274	-0.1496	0.6087
LINCSCP_78341	NA	9903	KLHL21	0.3686	0.6116
LINCSCP_78341	NA	902	CCNH	0.2396	0.6121
LINCSCP_78341	NA	4125	MAN2B1	-0.177	0.6136
LINCSCP_78341	NA	6184	RPN1	-0.1735	0.6145
LINCSCP_78341	NA	2264	FGFR4	-0.1524	0.6155
LINCSCP_78341	NA	4836	NMT1	0.1667	0.6167
LINCSCP_78341	NA	1870	E2F2	-0.1621	0.6173
LINCSCP_78341	NA	1454	CSNK1E	-0.2458	0.6183
LINCSCP_78341	NA	5547	PRCP	0.2204	0.6193
LINCSCP_78341	NA	1534	CYB561	0.1422	0.621
LINCSCP_78341	NA	7867	MAPKAPK3	0.3192	0.6231
LINCSCP_78341	NA	8520	HAT1	0.1553	0.6234
LINCSCP_78341	NA	2195	FAT1	0.2504	0.6253
LINCSCP_78341	NA	10904	BLCAP	0.3114	0.6253
LINCSCP_78341	NA	80204	FBXO11	-0.2343	0.6264
LINCSCP_78341	NA	5777	PTPN6	0.3478	0.6268
LINCSCP_78341	NA	22796	COG2	0.2272	0.6269
LINCSCP_78341	NA	4582	MUC1	-0.1934	0.6298
LINCSCP_78341	NA	9217	VAPB	-0.1505	0.633
LINCSCP_78341	NA	4616	GADD45B	0.1495	0.6342
LINCSCP_78341	NA	823	CAPN1	-0.155	0.6353
LINCSCP_78341	NA	3157	HMGCS1	0.1363	0.6356
LINCSCP_78341	NA	1983	EIF5	-0.1633	0.6376
LINCSCP_78341	NA	670	BPHL	-0.3013	0.6391
LINCSCP_78341	NA	2534	FYN	0.2504	0.6397
LINCSCP_78341	NA	54386	TERF2IP	-0.2442	0.6402
LINCSCP_78341	NA	11232	POLG2	0.2605	0.6412
LINCSCP_78341	NA	5096	PCCB	0.1738	0.6422
LINCSCP_78341	NA	25987	TSKU	0.1748	0.6425
LINCSCP_78341	NA	64080	RBKS	-0.2649	0.6522
LINCSCP_78341	NA	11137	PWP1	-0.132	0.6536
LINCSCP_78341	NA	25825	BACE2	0.1524	0.6541
LINCSCP_78341	NA	27346	TMEM97	0.1385	0.6559
LINCSCP_78341	NA	27242	TNFRSF21	0.2123	0.6616
LINCSCP_78341	NA	79600	TCTN1	0.1968	0.6652
LINCSCP_78341	NA	23076	RRP1B	-0.1771	0.6673
LINCSCP_78341	NA	26292	MYCBP	0.1769	0.6678
LINCSCP_78341	NA	10362	HMG20B	0.1544	0.6687
LINCSCP_78341	NA	8061	FOSL1	-0.1411	0.6706
LINCSCP_78341	NA	965	CD58	-0.1815	0.6709
LINCSCP_78341	NA	26520	TIMM9	-0.1376	0.671
LINCSCP_78341	NA	2048	EPHB2	0.1462	0.6713
LINCSCP_78341	NA	63874	ABHD4	0.1918	0.6742
LINCSCP_78341	NA	7511	XPNPEP1	0.316	0.6748
LINCSCP_78341	NA	8878	SQSTM1	-0.1285	0.6788
LINCSCP_78341	NA	9128	PRPF4	0.1697	0.682
LINCSCP_78341	NA	55958	KLHL9	-0.2157	0.6824
LINCSCP_78341	NA	26993	AKAP8L	0.2446	0.6845
LINCSCP_78341	NA	6347	CCL2	0.1956	0.6859
LINCSCP_78341	NA	4043	LRPAP1	0.1253	0.6861
LINCSCP_78341	NA	22926	ATF6	-0.1495	0.6869
LINCSCP_78341	NA	637	BID	0.3988	0.6872
LINCSCP_78341	NA	6804	STX1A	0.1443	0.6892
LINCSCP_78341	NA	64943	NT5DC2	-0.308	0.6926
LINCSCP_78341	NA	2109	ETFB	0.1224	0.6938
LINCSCP_78341	NA	11188	NISCH	0.1152	0.695
LINCSCP_78341	NA	7750	ZMYM2	-0.1199	0.6952
LINCSCP_78341	NA	7077	TIMP2	0.1626	0.6994
LINCSCP_78341	NA	1001	CDH3	-0.124	0.7003
LINCSCP_78341	NA	9221	NOLC1	-0.1201	0.7031
LINCSCP_78341	NA	701	BUB1B	-0.1496	0.7048
LINCSCP_78341	NA	9641	IKBKE	0.2323	0.705
LINCSCP_78341	NA	5899	RALB	0.1858	0.7074
LINCSCP_78341	NA	55608	ANKRD10	-0.1527	0.7092
LINCSCP_78341	NA	26020	LRP10	-0.3186	0.71
LINCSCP_78341	NA	54499	TMCO1	0.109	0.7117
LINCSCP_78341	NA	873	CBR1	0.1366	0.7117
LINCSCP_78341	NA	847	CAT	0.1092	0.7118
LINCSCP_78341	NA	596	BCL2	-0.1039	0.7141
LINCSCP_78341	NA	6909	TBX2	-0.1055	0.7146
LINCSCP_78341	NA	2356	FPGS	-0.1085	0.7152
LINCSCP_78341	NA	2958	GTF2A2	-0.2006	0.7161
LINCSCP_78341	NA	1635	DCTD	-0.2005	0.7183
LINCSCP_78341	NA	2042	EPHA3	0.1726	0.7191
LINCSCP_78341	NA	8837	CFLAR	-0.1117	0.7194
LINCSCP_78341	NA	50813	COPS7A	-0.1191	0.72
LINCSCP_78341	NA	6990	DYNLT3	-0.1164	0.7209
LINCSCP_78341	NA	2745	GLRX	0.1076	0.7214
LINCSCP_78341	NA	1277	COL1A1	0.2003	0.727
LINCSCP_78341	NA	3303	HSPA1A	-0.176	0.7305
LINCSCP_78341	NA	22883	CLSTN1	-0.1176	0.7325
LINCSCP_78341	NA	256364	EML3	0.1022	0.7344
LINCSCP_78341	NA	55012	PPP2R3C	0.1058	0.7344
LINCSCP_78341	NA	3800	KIF5C	0.1283	0.7355
LINCSCP_78341	NA	23210	JMJD6	0.128	0.7363
LINCSCP_78341	NA	10845	CLPX	-0.0963	0.7375
LINCSCP_78341	NA	6944	VPS72	-0.1124	0.7376
LINCSCP_78341	NA	1062	CENPE	0.175	0.7377
LINCSCP_78341	NA	55324	ABCF3	0.1724	0.7378
LINCSCP_78341	NA	57804	POLD4	-0.2393	0.7412
LINCSCP_78341	NA	808	CALM3	0.0968	0.7421
LINCSCP_78341	NA	2058	EPRS	0.1469	0.7446
LINCSCP_78341	NA	5654	HTRA1	0.1007	0.7459
LINCSCP_78341	NA	29103	DNAJC15	-0.1339	0.746
LINCSCP_78341	NA	51335	NGRN	-0.1057	0.7472
LINCSCP_78341	NA	8996	NOL3	0.0958	0.7516
LINCSCP_78341	NA	54881	TEX10	-0.1426	0.7551
LINCSCP_78341	NA	54681	P4HTM	0.1818	0.7556
LINCSCP_78341	NA	2625	GATA3	0.1235	0.7568
LINCSCP_78341	NA	5108	PCM1	0.1498	0.7584
LINCSCP_78341	NA	29763	PACSIN3	-0.1371	0.7617
LINCSCP_78341	NA	1445	CSK	0.17	0.762
LINCSCP_78341	NA	1802	DPH2	-0.1139	0.7644
LINCSCP_78341	NA	51495	HACD3	0.1683	0.7645
LINCSCP_78341	NA	51116	MRPS2	0.1553	0.7687
LINCSCP_78341	NA	58478	ENOPH1	-0.0831	0.7711
LINCSCP_78341	NA	1738	DLD	0.1614	0.7762
LINCSCP_78341	NA	4651	MYO10	-0.1517	0.7771
LINCSCP_78341	NA	55699	IARS2	0.1094	0.7784
LINCSCP_78341	NA	5891	MOK	-0.1674	0.7789
LINCSCP_78341	NA	501	ALDH7A1	-0.0785	0.7862
LINCSCP_78341	NA	23325	KIAA1033	0.1211	0.7862
LINCSCP_78341	NA	4690	NCK1	-0.2727	0.7868
LINCSCP_78341	NA	7153	TOP2A	0.1257	0.788
LINCSCP_78341	NA	27336	HTATSF1	-0.0919	0.7882
LINCSCP_78341	NA	27032	ATP2C1	-0.087	0.7886
LINCSCP_78341	NA	2817	GPC1	0.0963	0.7897
LINCSCP_78341	NA	28969	BZW2	-0.1374	0.7907
LINCSCP_78341	NA	7099	TLR4	0.087	0.7909
LINCSCP_78341	NA	9817	KEAP1	0.1083	0.7931
LINCSCP_78341	NA	8821	INPP4B	0.1489	0.7939
LINCSCP_78341	NA	8444	DYRK3	0.1335	0.7971
LINCSCP_78341	NA	79961	DENND2D	0.0932	0.8019
LINCSCP_78341	NA	23300	ATMIN	0.1048	0.8053
LINCSCP_78341	NA	5355	PLP2	-0.1307	0.807
LINCSCP_78341	NA	51719	CAB39	0.1919	0.8076
LINCSCP_78341	NA	30836	DNTTIP2	-0.0902	0.8099
LINCSCP_78341	NA	10046	MAMLD1	-0.1006	0.8106
LINCSCP_78341	NA	5743	PTGS2	0.1024	0.8155
LINCSCP_78341	NA	348	APOE	0.0972	0.8171
LINCSCP_78341	NA	57178	ZMIZ1	0.0725	0.8174
LINCSCP_78341	NA	29082	CHMP4A	-0.0759	0.8174
LINCSCP_78341	NA	2184	FAH	0.0771	0.818
LINCSCP_78341	NA	5566	PRKACA	0.0941	0.8187
LINCSCP_78341	NA	5373	PMM2	0.1268	0.8189
LINCSCP_78341	NA	4925	NUCB2	0.0738	0.8205
LINCSCP_78341	NA	211	ALAS1	-0.106	0.8239
LINCSCP_78341	NA	5357	PLS1	0.1334	0.8251
LINCSCP_78341	NA	6777	STAT5B	-0.0777	0.8275
LINCSCP_78341	NA	3280	HES1	-0.0688	0.829
LINCSCP_78341	NA	9710	KIAA0355	0.1118	0.8307
LINCSCP_78341	NA	51569	UFM1	-0.0682	0.8326
LINCSCP_78341	NA	55837	EAPP	-0.074	0.8329
LINCSCP_78341	NA	5831	PYCR1	0.1006	0.8341
LINCSCP_78341	NA	2673	GFPT1	0.0907	0.8372
LINCSCP_78341	NA	2017	CTTN	0.0835	0.8377
LINCSCP_78341	NA	5927	KDM5A	0.1116	0.8389
LINCSCP_78341	NA	836	CASP3	-0.0627	0.8412
LINCSCP_78341	NA	79071	ELOVL6	0.0602	0.8415
LINCSCP_78341	NA	22889	KIAA0907	0.0616	0.8417
LINCSCP_78341	NA	10051	SMC4	0.1023	0.8422
LINCSCP_78341	NA	5347	PLK1	-0.0566	0.8432
LINCSCP_78341	NA	23321	TRIM2	0.056	0.8493
LINCSCP_78341	NA	1981	EIF4G1	-0.128	0.8495
LINCSCP_78341	NA	6915	TBXA2R	-0.0886	0.8507
LINCSCP_78341	NA	3693	ITGB5	-0.1556	0.851
LINCSCP_78341	NA	9270	ITGB1BP1	0.0684	0.8519
LINCSCP_78341	NA	9183	ZW10	-0.0802	0.8568
LINCSCP_78341	NA	5883	RAD9A	0.0533	0.8578
LINCSCP_78341	NA	23378	RRP8	-0.083	0.8591
LINCSCP_78341	NA	8202	NCOA3	-0.1059	0.8611
LINCSCP_78341	NA	9112	MTA1	0.0616	0.8625
LINCSCP_78341	NA	5601	MAPK9	0.0504	0.8628
LINCSCP_78341	NA	64746	ACBD3	0.0577	0.8633
LINCSCP_78341	NA	9697	TRAM2	-0.0563	0.8645
LINCSCP_78341	NA	60493	FASTKD5	-0.1022	0.8645
LINCSCP_78341	NA	11344	TWF2	0.0474	0.866
LINCSCP_78341	NA	622	BDH1	0.0516	0.8663
LINCSCP_78341	NA	9918	NCAPD2	0.0671	0.8665
LINCSCP_78341	NA	10153	CEBPZ	-0.086	0.8669
LINCSCP_78341	NA	57192	MCOLN1	0.0989	0.8672
LINCSCP_78341	NA	1845	DUSP3	-0.1042	0.8685
LINCSCP_78341	NA	5018	OXA1L	0.0559	0.8701
LINCSCP_78341	NA	22827	PUF60	-0.0937	0.8711
LINCSCP_78341	NA	8550	MAPKAPK5	-0.0523	0.8718
LINCSCP_78341	NA	10670	RRAGA	-0.0631	0.8718
LINCSCP_78341	NA	54505	DHX29	-0.0475	0.8721
LINCSCP_78341	NA	4605	MYBL2	0.0464	0.8726
LINCSCP_78341	NA	1153	CIRBP	-0.0785	0.8727
LINCSCP_78341	NA	8446	DUSP11	-0.0547	0.8729
LINCSCP_78341	NA	9917	FAM20B	0.0528	0.8764
LINCSCP_78341	NA	2597	GAPDH	0.0624	0.8765
LINCSCP_78341	NA	10969	EBNA1BP2	0.0624	0.8765
LINCSCP_78341	NA	5993	RFX5	-0.0519	0.879
LINCSCP_78341	NA	51056	LAP3	-0.0481	0.8803
LINCSCP_78341	NA	26036	ZNF451	-0.0891	0.8803
LINCSCP_78341	NA	9761	MLEC	0.0783	0.8808
LINCSCP_78341	NA	5921	RASA1	0.0929	0.8837
LINCSCP_78341	NA	10810	WASF3	-0.0426	0.8844
LINCSCP_78341	NA	81533	ITFG1	0.0527	0.8857
LINCSCP_78341	NA	9531	BAG3	-0.0407	0.8919
LINCSCP_78341	NA	23223	RRP12	0.0633	0.8923
LINCSCP_78341	NA	26054	SENP6	-0.0408	0.8961
LINCSCP_78341	NA	51375	SNX7	0.0515	0.8964
LINCSCP_78341	NA	22809	ATF5	0.0388	0.8964
LINCSCP_78341	NA	642	BLMH	-0.0374	0.8965
LINCSCP_78341	NA	10525	HYOU1	0.0546	0.8967
LINCSCP_78341	NA	10174	SORBS3	-0.0552	0.9016
LINCSCP_78341	NA	664	BNIP3	-0.0377	0.9018
LINCSCP_78341	NA	11157	LSM6	0.0401	0.9029
LINCSCP_78341	NA	9097	USP14	0.0343	0.9035
LINCSCP_78341	NA	1759	DNM1	0.0457	0.9069
LINCSCP_78341	NA	90861	HN1L	0.0952	0.907
LINCSCP_78341	NA	1026	CDKN1A	-0.0362	0.9086
LINCSCP_78341	NA	2896	GRN	-0.0326	0.9091
LINCSCP_78341	NA	4482	MSRA	0.0387	0.9122
LINCSCP_78341	NA	5223	PGAM1	0.0382	0.9136
LINCSCP_78341	NA	6988	TCTA	-0.0417	0.9138
LINCSCP_78341	NA	949	SCARB1	0.0542	0.9153
LINCSCP_78341	NA	54512	EXOSC4	0.0413	0.9166
LINCSCP_78341	NA	10112	KIF20A	-0.0412	0.9171
LINCSCP_78341	NA	9926	LPGAT1	0.0291	0.9178
LINCSCP_78341	NA	79073	TMEM109	-0.0514	0.9191
LINCSCP_78341	NA	6856	SYPL1	-0.0635	0.9195
LINCSCP_78341	NA	148022	TICAM1	0.0285	0.922
LINCSCP_78341	NA	142	PARP1	-0.0752	0.922
LINCSCP_78341	NA	3329	HSPD1	0.0412	0.9221
LINCSCP_78341	NA	55825	PECR	0.0513	0.9226
LINCSCP_78341	NA	2961	GTF2E2	0.0664	0.9227
LINCSCP_78341	NA	896	CCND3	0.0384	0.9232
LINCSCP_78341	NA	11325	DDX42	-0.0392	0.9266
LINCSCP_78341	NA	178	AGL	-0.0346	0.927
LINCSCP_78341	NA	2736	GLI2	-0.0336	0.9279
LINCSCP_78341	NA	3682	ITGAE	0.0542	0.9284
LINCSCP_78341	NA	2263	FGFR2	-0.0743	0.9297
LINCSCP_78341	NA	1958	EGR1	0.024	0.9357
LINCSCP_78341	NA	56997	ADCK3	-0.0274	0.9384
LINCSCP_78341	NA	813	CALU	-0.0352	0.9394
LINCSCP_78341	NA	6195	RPS6KA1	-0.0283	0.9412
LINCSCP_78341	NA	1829	DSG2	-0.0228	0.9428
LINCSCP_78341	NA	9703	KIAA0100	-0.0292	0.944
LINCSCP_78341	NA	8503	PIK3R3	0.0308	0.9443
LINCSCP_78341	NA	10190	TXNDC9	-0.027	0.9454
LINCSCP_78341	NA	54438	GFOD1	-0.0311	0.9465
LINCSCP_78341	NA	1786	DNMT1	-0.0375	0.9487
LINCSCP_78341	NA	5255	PHKA1	0.0188	0.9513
LINCSCP_78341	NA	5613	PRKX	0.0377	0.952
LINCSCP_78341	NA	56889	TM9SF3	0.0263	0.9528
LINCSCP_78341	NA	7849	PAX8	0.0175	0.9542
LINCSCP_78341	NA	7027	TFDP1	-0.0358	0.9543
LINCSCP_78341	NA	60528	ELAC2	0.0175	0.9579
LINCSCP_78341	NA	6117	RPA1	-0.0159	0.9583
LINCSCP_78341	NA	29928	TIMM22	-0.0271	0.9584
LINCSCP_78341	NA	23585	TMEM50A	-0.0265	0.9587
LINCSCP_78341	NA	10245	TIMM17B	0.0156	0.9596
LINCSCP_78341	NA	5092	PCBD1	0.03	0.9618
LINCSCP_78341	NA	5982	RFC2	0.0163	0.9663
LINCSCP_78341	NA	1950	EGF	0.0239	0.9677
LINCSCP_78341	NA	11031	RAB31	-0.0228	0.9685
LINCSCP_78341	NA	10329	TMEM5	0.0109	0.9695
LINCSCP_78341	NA	3978	LIG1	0.0174	0.9698
LINCSCP_78341	NA	10206	TRIM13	-0.0143	0.9718
LINCSCP_78341	NA	466	ATF1	-0.0172	0.9723
LINCSCP_78341	NA	2767	GNA11	0.0273	0.9725
LINCSCP_78341	NA	207	AKT1	0.0147	0.9734
LINCSCP_78341	NA	8312	AXIN1	-0.0157	0.9734
LINCSCP_78341	NA	26128	KIF1BP	-0.021	0.9745
LINCSCP_78341	NA	55127	HEATR1	-0.0094	0.9755
LINCSCP_78341	NA	10180	RBM6	-0.0149	0.9776
LINCSCP_78341	NA	9124	PDLIM1	0.0087	0.9828
LINCSCP_78341	NA	5257	PHKB	-0.0066	0.9829
LINCSCP_78341	NA	84617	TUBB6	0.0074	0.983
LINCSCP_78341	NA	1459	CSNK2A2	0.0065	0.9834
LINCSCP_78341	NA	2778	GNAS	-0.0112	0.9849
LINCSCP_78341	NA	3206	HOXA10	-0.0048	0.9873
LINCSCP_78341	NA	7319	UBE2A	0.0065	0.9893
LINCSCP_78341	NA	55746	NUP133	-0.0044	0.9901
LINCSCP_78341	NA	55033	FKBP14	0.0036	0.9917
LINCSCP_78341	NA	2956	MSH6	-0.0034	0.9927
LINCSCP_78341	NA	2063	NR2F6	-0.0037	0.9942
LINCSCP_78341	NA	23338	JADE2	-0.0027	0.996
LINCSCP_78341	NA	10059	DNM1L	-0.0017	0.9968
LINCSCP_78341	NA	4893	NRAS	-9e-4	0.9983
LINCSCP_78341	NA	5111	PCNA	0	1
LINCSCP_78341	NA	6194	RPS6	0	1
